{
    "fit_time": 3595.832441329956,
    "test_accuracy": 0.5544373822975518
}